-- phpMyAdmin SQL Dump
-- version 4.2.11
-- http://www.phpmyadmin.net
--
-- Host: 127.0.0.1
-- Generation Time: Jul 13, 2019 at 03:10 AM
-- Server version: 5.6.21
-- PHP Version: 5.6.3

SET SQL_MODE = "NO_AUTO_VALUE_ON_ZERO";
SET time_zone = "+00:00";


/*!40101 SET @OLD_CHARACTER_SET_CLIENT=@@CHARACTER_SET_CLIENT */;
/*!40101 SET @OLD_CHARACTER_SET_RESULTS=@@CHARACTER_SET_RESULTS */;
/*!40101 SET @OLD_COLLATION_CONNECTION=@@COLLATION_CONNECTION */;
/*!40101 SET NAMES utf8 */;

--
-- Database: `amnhac`
--

-- --------------------------------------------------------

--
-- Table structure for table `admin`
--

CREATE TABLE IF NOT EXISTS `admin` (
`idadmin` int(11) NOT NULL,
  `username` varchar(255) CHARACTER SET utf8mb4 COLLATE utf8mb4_vietnamese_ci NOT NULL,
  `password` varchar(255) CHARACTER SET utf8mb4 COLLATE utf8mb4_vietnamese_ci NOT NULL
) ENGINE=InnoDB AUTO_INCREMENT=3 DEFAULT CHARSET=utf8;

--
-- Dumping data for table `admin`
--

INSERT INTO `admin` (`idadmin`, `username`, `password`) VALUES
(2, 'admin', 'admin');

-- --------------------------------------------------------

--
-- Table structure for table `cart`
--

CREATE TABLE IF NOT EXISTS `cart` (
`id` int(11) NOT NULL,
  `fullname` varchar(11) CHARACTER SET utf8mb4 COLLATE utf8mb4_vietnamese_ci NOT NULL,
  `createdate` timestamp NOT NULL DEFAULT CURRENT_TIMESTAMP
) ENGINE=InnoDB AUTO_INCREMENT=4 DEFAULT CHARSET=utf8;

--
-- Dumping data for table `cart`
--

INSERT INTO `cart` (`id`, `fullname`, `createdate`) VALUES
(1, 'admin', '2019-07-11 23:19:31'),
(2, 'sang96@gmai', '2019-07-12 01:16:15'),
(3, 'admin', '2019-07-12 01:59:03');

-- --------------------------------------------------------

--
-- Table structure for table `cart_detail`
--

CREATE TABLE IF NOT EXISTS `cart_detail` (
`id` int(11) NOT NULL,
  `cart_id` int(11) NOT NULL,
  `product_id` int(11) NOT NULL DEFAULT '1',
  `quantity` int(11) NOT NULL,
  `price` varchar(100) CHARACTER SET utf8mb4 COLLATE utf8mb4_vietnamese_ci NOT NULL
) ENGINE=InnoDB AUTO_INCREMENT=5 DEFAULT CHARSET=utf8;

--
-- Dumping data for table `cart_detail`
--

INSERT INTO `cart_detail` (`id`, `cart_id`, `product_id`, `quantity`, `price`) VALUES
(1, 1, 192, 1, '50000000'),
(2, 2, 192, 1, '50000000'),
(3, 3, 135, 3, '25000000'),
(4, 3, 192, 1, '50000000');

-- --------------------------------------------------------

--
-- Table structure for table `dangky`
--

CREATE TABLE IF NOT EXISTS `dangky` (
`id_khachhang` int(11) NOT NULL,
  `tenkhachhang` varchar(255) CHARACTER SET utf8mb4 COLLATE utf8mb4_vietnamese_ci NOT NULL,
  `email` varchar(100) CHARACTER SET utf8mb4 COLLATE utf8mb4_vietnamese_ci NOT NULL,
  `matkhau` varchar(100) CHARACTER SET utf8mb4 COLLATE utf8mb4_vietnamese_ci NOT NULL,
  `dienthoai` int(11) NOT NULL,
  `diachinhan` varchar(200) CHARACTER SET utf8mb4 COLLATE utf8mb4_vietnamese_ci NOT NULL
) ENGINE=InnoDB AUTO_INCREMENT=2 DEFAULT CHARSET=utf8;

--
-- Dumping data for table `dangky`
--

INSERT INTO `dangky` (`id_khachhang`, `tenkhachhang`, `email`, `matkhau`, `dienthoai`, `diachinhan`) VALUES
(1, 'tms', 'sang96@gmail.com', '123', 123, 'thththt');

-- --------------------------------------------------------

--
-- Table structure for table `gallery`
--

CREATE TABLE IF NOT EXISTS `gallery` (
`id_gallery` int(11) NOT NULL,
  `id_sp` int(11) NOT NULL,
  `hinhanhsp` varchar(255) CHARACTER SET utf8mb4 COLLATE utf8mb4_vietnamese_ci NOT NULL
) ENGINE=InnoDB AUTO_INCREMENT=85 DEFAULT CHARSET=utf8;

--
-- Dumping data for table `gallery`
--

INSERT INTO `gallery` (`id_gallery`, `id_sp`, `hinhanhsp`) VALUES
(23, 60, 'featured-section-new-to-imac_2x1493467732.jpg'),
(24, 60, 'image0011493467732.png'),
(25, 60, 'image001_21493467732.jpg'),
(26, 60, 'image001_111493467732.jpg'),
(29, 63, '5190001_sa (1) - Copy1493468586.jpg'),
(30, 63, '5190001_sa (1)1493468586.jpg'),
(31, 63, '1466960633738_19141493468586.jpg'),
(32, 63, '1466960633738_19141493468706.jpg'),
(33, 63, 'featured-section-new-to-imac_2x1493468926.jpg'),
(34, 63, '5190001_sa (1) - Copy1493469597.jpg'),
(38, 61, '1466960639886_19201493470147.jpg'),
(43, 62, '5190001_sa (1) - Copy1493471267.jpg'),
(44, 62, '5190001_sa (1)1493471267.jpg'),
(45, 62, 'featured-section-new-to-imac_2x1493471267.jpg'),
(46, 51, '5190001_sa (1) - Copy1493612642.jpg'),
(47, 51, '5190001_sa (1)1493612643.jpg'),
(48, 45, '5190001_sa (1) - Copy1493616068.jpg'),
(49, 45, '5190001_sa (1)1493616068.jpg'),
(50, 45, '1466960633738_19141493616068.jpg'),
(51, 85, '2-a89056cf-a3ca-4d58-952e-5dcfaaae8d8b1493695704.jpg'),
(52, 85, '3-4a620da2-d3d1-46b3-82b7-6522066a48ed1493695704.jpg'),
(53, 85, 'canon-eos-1d-x-1-1-min1493695704.jpg'),
(54, 85, 'canon-eos-1d-x-2-1-min1493695704.jpg'),
(55, 86, '2-a89056cf-a3ca-4d58-952e-5dcfaaae8d8b1493696681.jpg'),
(56, 86, 'canon-6d-1-1-min1493696682.jpg'),
(57, 86, 'canon-eos-1d-x-2-1-min1493696682.jpg'),
(64, 88, '2-a89056cf-a3ca-4d58-952e-5dcfaaae8d8b1493995899.jpg'),
(65, 88, '3-4a620da2-d3d1-46b3-82b7-6522066a48ed1493995899.jpg'),
(66, 88, 'canon-6d-1-1-min1493995899.jpg'),
(67, 88, 'canon-eos-1d-x-1-1-min1493995899.jpg'),
(79, 90, '50255958752895701512031536.png'),
(80, 90, '74652537370051001512031536.png'),
(81, 90, '80289829538760701512031536.png'),
(82, 89, 'dum1517247854.png'),
(83, 89, 'indian-flag1517247854.png'),
(84, 89, 'japan-flag1517247854.jpg');

-- --------------------------------------------------------

--
-- Table structure for table `loaisp`
--

CREATE TABLE IF NOT EXISTS `loaisp` (
`idloaisp` int(11) NOT NULL,
  `tenloaisp` varchar(255) CHARACTER SET utf8mb4 COLLATE utf8mb4_vietnamese_ci NOT NULL,
  `tinhtrang` varchar(100) CHARACTER SET utf8mb4 COLLATE utf8mb4_vietnamese_ci NOT NULL
) ENGINE=InnoDB AUTO_INCREMENT=38 DEFAULT CHARSET=utf8;

--
-- Dumping data for table `loaisp`
--

INSERT INTO `loaisp` (`idloaisp`, `tenloaisp`, `tinhtrang`) VALUES
(32, 'Thịt bò', '1'),
(33, 'Thịt heo', '1'),
(34, 'Cá', '1'),
(35, 'Rau củ quả', '1'),
(36, 'Trứng gà', '1'),
(37, 'Trứng vịt', '1');

-- --------------------------------------------------------

--
-- Table structure for table `sanpham`
--

CREATE TABLE IF NOT EXISTS `sanpham` (
`idsanpham` int(11) NOT NULL,
  `tensp` varchar(255) CHARACTER SET utf8mb4 COLLATE utf8mb4_vietnamese_ci NOT NULL,
  `masp` varchar(255) CHARACTER SET utf8mb4 COLLATE utf8mb4_vietnamese_ci NOT NULL,
  `hinhanh` varchar(100) CHARACTER SET utf8mb4 COLLATE utf8mb4_vietnamese_ci NOT NULL,
  `giadexuat` float NOT NULL,
  `giagiam` float NOT NULL,
  `soluong` int(11) NOT NULL,
  `loaisp` int(11) NOT NULL,
  `nhasx` int(11) NOT NULL,
  `tinhtrang` varchar(100) CHARACTER SET utf8mb4 COLLATE utf8mb4_vietnamese_ci NOT NULL,
  `noidung` longtext CHARACTER SET utf8mb4 COLLATE utf8mb4_vietnamese_ci NOT NULL
) ENGINE=InnoDB AUTO_INCREMENT=220 DEFAULT CHARSET=utf8;

--
-- Dumping data for table `sanpham`
--

INSERT INTO `sanpham` (`idsanpham`, `tensp`, `masp`, `hinhanh`, `giadexuat`, `giagiam`, `soluong`, `loaisp`, `nhasx`, `tinhtrang`, `noidung`) VALUES
(193, 'Cá nục', 'CNN', 'canuc.jpg', 30000, 30000, 0, 34, 0, '1', ''),
(194, 'Cá thu', 'CTN', 'cathu.jpg', 100000, 100000, 0, 34, 0, '1', ''),
(195, 'Cá trao', 'CTT', 'catrao.jpg', 100000, 100000, 40, 34, 0, '1', ''),
(196, 'Cá trứng', 'CTR', 'catrung.jpg', 100000, 100000, 40, 34, 0, '1', ''),
(197, 'Chuối', 'RAUCC', 'chuoi.jpg', 25000, 25000, 100, 35, 0, '1', ''),
(198, 'Dưa gang', 'RAUCDG', 'duagang.jpg', 35000, 35000, 150, 35, 0, '1', ''),
(199, 'Dưa hấu', 'RAUCDH', 'duahau.jpg', 50000, 50000, 100, 35, 0, '1', ''),
(200, 'Dừa xiêm', 'RAUCDX', 'duaxiem.jpg', 30000, 30000, 100, 35, 0, '1', ''),
(201, 'Khoai lang', 'RAUCKL', 'khoailang.jpg', 20000, 20000, 100, 35, 0, '1', ''),
(202, 'Khoai tây', 'RAUCKT', 'khoaitay.jpg', 30000, 30000, 150, 35, 0, '1', ''),
(203, 'Nấm bào ngư', 'RAUCNBN', 'nambaongu.jpg', 300000, 300000, 100, 35, 0, '1', ''),
(204, 'Nấm kim châm', 'RAUCNKC', 'namkimcham.jpg', 30000, 30000, 1000, 35, 0, '1', ''),
(205, 'Ổi', 'RAUCO', 'oi.jpg', 25000, 25000, 1000, 35, 0, '1', ''),
(206, 'Ba chỉ bò', 'TBBCB', 'bachibo.jpg', 150000, 150000, 100, 32, 0, '1', ''),
(207, 'Nạm bò', 'TBNB', 'nambo.jpg', 200000, 200000, 2000, 32, 0, '1', ''),
(208, 'Nạm bò mỹ', 'TBNBM', 'thitnambomy.jpg', 300000, 300000, 100, 32, 0, '1', ''),
(209, 'Xương bê', 'TBXB', 'xuongbe.jpg', 250000, 250000, 100, 32, 0, '1', ''),
(210, 'Xương bò', 'TBXB', 'xuongbo.jpg', 300000, 300000, 150, 32, 0, '1', ''),
(211, 'Xương ống bò', 'TBXOB', 'xuongongbo.jpg', 250000, 250000, 200, 32, 0, '1', ''),
(212, 'Bì heo', 'THBH', 'biheo.jpg', 80000, 80000, 100, 33, 0, '1', ''),
(213, 'Gan heo', 'THGH', 'ganheo.jpg', 80000, 80000, 100, 33, 0, '1', ''),
(214, 'Óc heo', 'THOH', 'ocheo.jpg', 100000, 100000, 100, 33, 0, '1', ''),
(215, 'Xương ống heo', 'THXOH', 'xuongongheo.jpg', 150000, 150000, 1000, 33, 0, '1', ''),
(216, 'Trứng gà Ba Huân', 'TGBH', 'trunggabahuan.jpg', 20000, 20000, 100, 36, 0, '1', ''),
(217, 'Trứng gà v-food', 'TGVF', 'trunggav-food.jpg', 22000, 22000, 100, 36, 0, '1', ''),
(218, 'Trứng vịt Ba Huân', 'TVBH', 'trungvitbahuan.jpg', 20000, 20000, 1000, 37, 0, '1', ''),
(219, 'Trứng vịt v-food', 'TVVF', 'trungvitv-food.jpg', 21000, 21000, 100, 37, 0, '1', '');

-- --------------------------------------------------------

--
-- Table structure for table `tintuc`
--

CREATE TABLE IF NOT EXISTS `tintuc` (
`idtintuc` int(11) NOT NULL,
  `tentintuc` tinytext CHARACTER SET utf8mb4 COLLATE utf8mb4_vietnamese_ci NOT NULL,
  `matin` varchar(100) CHARACTER SET utf8mb4 COLLATE utf8mb4_vietnamese_ci NOT NULL,
  `hinhanh` varchar(100) CHARACTER SET utf8mb4 COLLATE utf8mb4_vietnamese_ci NOT NULL,
  `noidung` longtext CHARACTER SET utf8mb4 COLLATE utf8mb4_vietnamese_ci NOT NULL,
  `tinhtrang` varchar(100) CHARACTER SET utf8mb4 COLLATE utf8mb4_vietnamese_ci NOT NULL
) ENGINE=InnoDB AUTO_INCREMENT=7 DEFAULT CHARSET=utf8;

--
-- Indexes for dumped tables
--

--
-- Indexes for table `admin`
--
ALTER TABLE `admin`
 ADD PRIMARY KEY (`idadmin`);

--
-- Indexes for table `cart`
--
ALTER TABLE `cart`
 ADD PRIMARY KEY (`id`);

--
-- Indexes for table `cart_detail`
--
ALTER TABLE `cart_detail`
 ADD PRIMARY KEY (`id`);

--
-- Indexes for table `dangky`
--
ALTER TABLE `dangky`
 ADD PRIMARY KEY (`id_khachhang`);

--
-- Indexes for table `gallery`
--
ALTER TABLE `gallery`
 ADD PRIMARY KEY (`id_gallery`);

--
-- Indexes for table `loaisp`
--
ALTER TABLE `loaisp`
 ADD PRIMARY KEY (`idloaisp`);

--
-- Indexes for table `sanpham`
--
ALTER TABLE `sanpham`
 ADD PRIMARY KEY (`idsanpham`);

--
-- Indexes for table `tintuc`
--
ALTER TABLE `tintuc`
 ADD PRIMARY KEY (`idtintuc`);

--
-- AUTO_INCREMENT for dumped tables
--

--
-- AUTO_INCREMENT for table `admin`
--
ALTER TABLE `admin`
MODIFY `idadmin` int(11) NOT NULL AUTO_INCREMENT,AUTO_INCREMENT=3;
--
-- AUTO_INCREMENT for table `cart`
--
ALTER TABLE `cart`
MODIFY `id` int(11) NOT NULL AUTO_INCREMENT,AUTO_INCREMENT=4;
--
-- AUTO_INCREMENT for table `cart_detail`
--
ALTER TABLE `cart_detail`
MODIFY `id` int(11) NOT NULL AUTO_INCREMENT,AUTO_INCREMENT=5;
--
-- AUTO_INCREMENT for table `dangky`
--
ALTER TABLE `dangky`
MODIFY `id_khachhang` int(11) NOT NULL AUTO_INCREMENT,AUTO_INCREMENT=2;
--
-- AUTO_INCREMENT for table `gallery`
--
ALTER TABLE `gallery`
MODIFY `id_gallery` int(11) NOT NULL AUTO_INCREMENT,AUTO_INCREMENT=85;
--
-- AUTO_INCREMENT for table `loaisp`
--
ALTER TABLE `loaisp`
MODIFY `idloaisp` int(11) NOT NULL AUTO_INCREMENT,AUTO_INCREMENT=38;
--
-- AUTO_INCREMENT for table `sanpham`
--
ALTER TABLE `sanpham`
MODIFY `idsanpham` int(11) NOT NULL AUTO_INCREMENT,AUTO_INCREMENT=220;
--
-- AUTO_INCREMENT for table `tintuc`
--
ALTER TABLE `tintuc`
MODIFY `idtintuc` int(11) NOT NULL AUTO_INCREMENT,AUTO_INCREMENT=7;
/*!40101 SET CHARACTER_SET_CLIENT=@OLD_CHARACTER_SET_CLIENT */;
/*!40101 SET CHARACTER_SET_RESULTS=@OLD_CHARACTER_SET_RESULTS */;
/*!40101 SET COLLATION_CONNECTION=@OLD_COLLATION_CONNECTION */;
